,question,text
0,When did Beyonce start becoming popular?,in the late 1990s
1,What areas did Beyonce compete in when she was growing up?,singing and dancing
2,When did Beyonce leave Destiny's Child and become a solo singer?,2003
3,In what city and state did Beyonce  grow up? ,"Houston, Texas"
4,In which decade did Beyonce become famous?,late 1990s
5,In what R&B group was she the lead singer?,Destiny's Child
6,What album made her a worldwide known artist?,Dangerously in Love
7,Who managed the Destiny's Child group?,Mathew Knowles
8,When did Beyoncé rise to fame?,late 1990s
9,What role did Beyoncé have in Destiny's Child?,lead singer
10,What was the first album Beyoncé released as a solo artist?,Dangerously in Love
11,When did Beyoncé release Dangerously in Love?,2003
12,How many Grammy awards did Beyoncé win for her first solo album?,five
13,What was Beyoncé's role in Destiny's Child?,lead singer
14,What was the name of Beyoncé's first solo album?,Dangerously in Love
15,"After her second solo album, what other entertainment venture did Beyonce explore?",acting
16,Which artist did Beyonce marry?,Jay Z
17,"To set the record for Grammys, how many did Beyonce win?",six
18,For what movie did Beyonce receive  her first Golden Globe nomination?,Dreamgirls
19,When did Beyonce take a hiatus in her career and take control of her management?,2010
20,Which album was darker in tone from her previous work?,Beyoncé
21,"After what movie portraying Etta James, did Beyonce create Sasha Fierce?",Cadillac Records
22,When did Destiny's Child end their group act?,June 2005
23,What was the name of Beyoncé's second solo album?,B'Day
24,"What was Beyoncé's first acting job, in 2006?",Dreamgirls
25,Who is Beyoncé married to?,Jay Z
26,What is the name of Beyoncé's alter-ego?,Sasha Fierce
27,"In her music, what are some recurring elements in them?","love, relationships, and monogamy"
28,Time magazine named her one of the most 100 what people of the century?,influential
29,Which magazine declared her the most dominant woman musician?,Forbes
30,In which decade did the Recording Industry Association of America recognize Beyonce as the The Top Certified Artist?,2000s
31,What magazine rated Beyonce as the most powerful female musician in 2015?,Forbes
32,How did Beyonce describe herself as a feminist?,modern-day feminist
33,In which years did Time rate Beyonce in the 100 most influential people in the world?,2013 and 2014
34,How many records has Beyonce sold in her 19 year career?,118 million
35,How many records did Beyoncé sell as part of Destiny's Child?,60 million
36,"After leaving Destiny's Child, how many records did Beyoncé release under her own name?",118 million
37,How many Grammy awards has Beyoncé won?,20
38,What magazine named Beyoncé as the most powerful female musician for 2015?,Forbes
39,Beyonce's younger sibling also sang with her in what band?,Destiny's Child
40,Where did Beyonce get her name from?,her mother's maiden name
41,What race was Beyonce's father?,African-American
42,Beyonce's childhood home believed in what religion?,Methodist
43,Beyonce's father worked as a sales manager for what company?,Xerox
44,Beyonce's mother worked in what industry?,hairdresser and salon owner
45,What younger sister of Beyonce also appeared in Destiny's Child?,Solange
46,Beyonce is a descendent of what Arcadian leader?,Joseph Broussard
47,What company did Beyoncé's father work for when she was a child?,Xerox
48,What did Beyoncé's mother own when Beyoncé was a child?,salon
49,What is the name of Beyoncé's younger sister?,Solange
50,Beyoncé is a descendant of which Acadian leader?,Joseph Broussard.
51,Beyoncé was raised in what religion?,Methodist
52,What town did Beyonce go to school in?,Fredericksburg
53,Who was the first person to notice Beyonce's singing ability?,Darlette Johnson
54,Beyonce moved to which town after she left her first elementary school?,Houston
55,Which of her teachers discovered Beyonce's musical talent?,dance instructor Darlette Johnson
56,I which church was Beyonce  a member and soloist  in the choir?,St. John's United Methodist Church
57,What type of school was Parker Elementary School?,music magnet school
58,Which song did Beyonce sing to win a competition at age 7?,Imagine
59,What city was Beyoncé's elementary school located in?,Fredericksburg
60,What was the name of Beyoncé's first dance instructor?,Darlette Johnson
61,How old was Beyoncé when she won a school talent show?,seven
62,What choir did Beyoncé sing in for two years?,St. John's United Methodist Church
63,Who decided to place Beyonce's group in Star Search the talent show?,Arne Frager
64,"In 1995, who decided to manage the girls singing group?",Beyoncé's father
65,Who was the first record label to give the girls a record deal?,Elektra Records
66,Who brought Beyonce to California and enter her group in Star Search?,Arne Frager
67,In what year did Beyonce's father quit his job to manage her group?,1995
68,What large record company recorded Beyonce's group's first album?,Sony Music
69,What record company first signed Beyonce's group and later cut them?,Elektra Records
70,At what age did Beyonce meet LaTavia Robertson?,age eight
71,How old was Beyoncé when she met LaTavia Roberson?,eight
72,What was the name of the first group Beyoncé was a part of?,Girl's Tyme
73,Who placed Girl's Tyme in Star Search?,Arne Frager
74,When did Beyoncé begin to manage the girl group?,1995
75,"Who signed the girl group on October 5, 1995?",Dwayne Wiggins's Grass Roots Entertainment
76,Which film featured Destiny's Child's first major single?,Men in Black
77,"For which song, did Destiny's Child take home the grammy award for best R&B performance?","""Say My Name"""
78,"Who did Beyonce record with for the movie ""The Best Man?""",Marc Nelson
79,Beyonce's group changed their name to Destiny's Child in what year?,1996
80,The name Destiny's Child was based on a quote in which book of the Bible?,Book of Isaiah
81,"Debut song, ""Killing Time"" was featured on what movie's sound track?",Men in Black
82,What song won Best R&B Performance in the 43 Annual Grammy Awards?,Say My Name
83,"What singer did Beyonce record a song with for the movie, ''The Best Man""?",Marc Nelson
84,Where did Destiny's Child get their name from?,Book of Isaiah.
85,"Destiny's Child song, Killing Time, was included in which film's soundtrack?",Men in Black.
86,What was Destiny's Child's first major song hit?,"No, No, No"
87,When did Destiny's Child release their second album?,1999
88,"Who did Beyoncé sing a duet with for ""The Best Man"" film?",Marc Nelson
89,What mental health issue did Beyonce go through?,depression
90,What event occured after she was publicly criticized?,boyfriend left her
91,Who supported Beyonce through her depression?,her mother
92,What event caused Beyonce's depression?,split with Luckett and Rober
93,How long was Beyonce depressed?,a couple of years
94,Who helped Beyonce fight her depression the most?,her mother
95,Who replaced Luckett and Roberson in Destiny's Child?,Farrah Franklin and Michelle Williams.
96,Who was blamed for Luckett and Roberson leaving Destiny's Child?,Beyoncé
97,Who helped Beyoncé overcome her depression during the years following the Destiny's Child split?,her mother
98,Which newest member was removed from Destiny's Child?,Farrah Franklin
99,"""Charlie's Angels"" featured which single from the band members?",Independent Women Part I
100,"How many weeks did their single ""Independent Women Part I"" stay on top?",eleven
101,"For what network, did Beyonce land a major movie role in?",MTV
102,"Their third album, Survivor, sold how many during its first week?","663,000 copies"
103,What French composer wrote the original opera ''Carmen'' in the 19th century?,Georges Bizet
104,What album caused a lawsuit to be filed in 2001?,Survivor
105,Independent Women Part I was on which 2000 film's soundtrack?,Charlie's Angels.
106,Which film did Beyoncé star in 2001 with Mekhi Phifer?,Carmen: A Hip Hopera
107,What was the name of Destiny Child's third album?,Survivor
108,Who filed a lawsuit over Survivor?,Luckett and Roberson
109,When did Destiny's Child announce their hiatus?,October 2001
110,"Who did Beyonce star with in the movie, ""Austin Powers in Goldmember""?",Mike Myers
111,"Which three countries did Beyonce's song ""Work It Out"" achieve top ten status?","UK, Norway, and Belgium"
112,Beyonce starred with Cuba Gooding Jr. in which film?,The Fighting Temptations
113,"Who did Beyonce record the lead single with in the movie ""The Fighting Temptations""?",Missy Elliott
114,Which other song from the soundtrack did better in the charts?,Summertime
115,What film did Beyonce appear in with Mike Myers?,Austin Powers in Goldmember
116,"What large amount did the movie ""Goldmember"" gross?",73 million
117,"What genre of movie did Beyonce star in with Cuba Gooding, Jr?",musical comedy
118,What song was the lead single from the film's sound track?,Fighting Temptations
119,"How did the critics view the movie, ''The Fighting Temptations''?",mixed reviews
120,What film did Beyoncé star in with Mike Myers in 2002?,Austin Powers in Goldmember
121,What was Beyoncé's character called in Austin Powers in Goldmember?,Foxxy Cleopatra
122,Which song did Beyoncé release as the lead single for Austin Powers in Goldmember's soundtrack?,Work It Out
123,"What musical comedy did Beyoncé star in along with Cuba Gooding, Jr. in 2003?",The Fighting Temptations
124,What song did Beyoncé release as the lead single from The Fighting Tempations?,Fighting Temptations
125,What was the highest Beyonce's first solo recording achieved in the Billboard Hot 100?,number four
126,Beyonce's first album by herself was called what?,Dangerously in Love
127,"How many has ""Dangerously in Love"" sould worldwide since its debut?",11 million
128,Beyonce's first number one song was which song?,Crazy in Love
129,How many top five singles came from her first album?,four
130,Beyonce's first solo album in the U.S. with what artist in the lead single?,Jay Z
131,What solo album did Beyonce release in 2003?,Dangerously in Love
132,"The album, Dangerously in Love  achieved what spot on the Billboard Top 100 chart?",number four
133,"""The Closer I get to You"" was recorded with which artist?",Luther Vandross
134,Which artist was associated with Beyoncé's premiere solo recording?,Jay Z
135,When did Beyoncé release her first solo album?,"June 24, 2003"
136,What is the lead single on Beyoncé's first album?,Crazy in Love
137,Who helped Beyoncé earn a Grammy award for Best R&B Performance by a Duo or Group at the 46th annual Grammy Awards?,Luther Vandross.
138,How many awards did Beyoncé win at the 46th Grammy's Awards?,five.
139,Destiny's Child's final album was named what?,Destiny Fulfilled
140,Destiny's Child got a star on the Hollywood Walk of Fame in what year?,2006
141,In what year did Beyonce embark on her Dangerously in Love tour of Europe?,November 2003
142,What was the name of the final album of Destiny's Child?,Destiny Fulfilled
143,It was announced that Destiny's Child would  disban in what European city?,Barcelona
144,When did Destiny's Child get their star on the Hollywood Walk of Fame?,March 2006
145,What was the name of Beyoncé's European start that started in November 2003?,Dangerously in Love Tour
146,Who did Beyoncé tour with for the Verizon Lades First Tour?,Missy Elliott and Alicia Keys
147,"What major event did Beyoncé perform at on February 1, 2004?",Super Bowl XXXVIII
148,What is the name of the final studio album from Destiny's Child?,Destiny Fulfilled.
149,How many albums did Beyonce sell in the first week when she released her second album?,"5,41,000"
150,The lead single from the album was which song?,Déjà Vu
151,"How many countries did her song ""Irreplaceable"" get number one status in?",five
152,How many singles did her second album produce?,five
153,What birthday did Beyonce's album B'Day celebrate?,twenty-fifth birthday
154,"What artist did Beyonce duet with in the single, ""Deja Vu''?",Jay Z
155,How high did ''Deja Vu'' climb on the Billboard chart?,top five
156,What is the name of Beyoncé's second album?,B'Day
157,How many copies did B'Day sell during the first week of its release?,"5,41,000"
158,"Who collaborated with Beyoncé on the single, Deja Vu?",Jay Z
159,Which single from B'Day was only released in the U.K.?,Green Light
160,What movie did Beyonce act in 2006?,The Pink Panther
161,Her second movie Beyonce did was what film?,Dreamgirls
162,"The single, ""Listen"" was featured in which movie?",Dreamgirls
163,Beyonce's first world tour was when?,2007
164,How much money did Beyonce's tour make in 2007?,24 million
165,How many millions of dollars did ''The Pink Panther'' gross world-wide?,158.8 million
166,What did Beyonce call her first concert tour?,The Beyoncé Experience
167,Who was Beyonce's duet with in ''Beautiful Liar''?,Shakira
168,Which film did Beyoncé star with Steve Martin in?,The Pink Panther
169,Beyoncé's role in Dreamgirls was based on what pop singer?,Diana Ross.
170,What was the lead single for the Dreamgirls soundtrack?,Listen
171,What was the name of Beyoncé's first international tour?,The Beyoncé Experience
172,What pop singer did a duet with Beyoncé on Beautiful Liar?,Shakira
173,Beyonce got married in 2008 to whom?,Jay Z
174,"Her third album, ""I am...Sasha Fierce"" was released when?","November 18, 2008"
175,"For which decade, did Beyonce have more top ten songs than any other woman?",2000s
176,Which singer beat out Beyonce for best video performance?,Taylor Swift
177,"In 2009, Beyonce started her second world tour and grossed how much money?",119.5 million
178,How did she reveal the marriage?,in a video montage
179,When did Beyonce begin her second world tour?,March 2009
180,Who beat out Beyonce for Best Female Video ?,Taylor Swift
181,How much did the second world tour make in dollars?,119.5 million
182,When did Beyoncé get married?,"April 4, 2008"
183,Who did Beyoncé marry?,Jay Z.
184,Who is Beyoncé's alter ego?,Sasha Fierce
185,The video for what song won Beyoncé the 2009 MTV Video of the Year award?,Single Ladies
186,Which prominent star felt the 2009 Female Video of the Year award should have went to Beyoncé instead of Taylor Swift?,Kanye West
187,"Beyonce portrayed which character in the film, Cadillac Records?",Etta James
188,Beyonce gave her entire salary from Cadillac Records to which organization?,Phoenix House
189,Which song did Beyonce sing at the first couple's inaugural ball? ,At Last
190,"What genre of film was the movie, Obsessed, in which Beyonce starred in?",thriller
191,"A fight scene from the movie, Obsessed, won which award for Beyonce?",MTV Movie Award for Best Fight
192,Where did Beyonce donate her salary from the movie Cadillac Records?,Phoenix House
193,What thriller film did Beyonce star in?,Obsessed
194,What was the name of the woman she played in Obsessed?,Sharon Charles
195,How much more that the buget did the film gross?,60 million
196,Which singer did Beyoncé portray in Cadillac Records?,Etta James
197,Which organization received Beyoncé's entire Cadillac Records salary?,Phoenix House
198,"Where did Beyoncé perform on January 20, 2009?",the First Couple's first inaugural ball.
199,Which thriller film did Beyoncé star in with Ali Larter?,Obsessed.
200,How many awards was Beyonce nominated for at the 52nd Grammy Awards?,ten
201,Beyonce tied with which artist for most nominations by a female artist?,Lauryn Hill
202,"In 2010, Beyonce worked with which other famous singer?",Lady Gaga
203,"How many number one singles did Beyonce now have after the song ""Telephone""?",six
204,Beyonce tied who for most number one singles by a female?,Mariah Carey
205,Beyonce received how many nominations at the 52nd Annual Grammy Awards?,ten nominations
206,What song was the sixth first place song for Beyonce?,Telephone
207,Who else appeared with Beyonce in Telephone?,Lady Gaga
208,Who did they tie with for six top songs?,Mariah Carey
209,Who did Beyonce tie with for the most nominations in a year?,Lauryn Hill
210,How many nominations did Beyoncé receive at the 52nd Grammy Awards ceremony?,ten
211,Who did Beyoncé tie with for the most Grammy nominations for female artists?,Lauryn Hill
212,"Beyoncé was a featured artist on which singer's hit, Telephone?",Lady Gaga
213,Who did Beyoncé and Lady Gaga tie with for the most number one hits since 1992?,Mariah Carey
214,Beyonce would take a break from music in which year?,2010
215,Which year did Beyonce and her father part business ways?,2010
216,Which famous landmark did Beyonce see in China?,the Great Wall of China
217,In what year did Beyonce have her hiatus?,2010
218,Who inspired this hiatus?,her mother
219,When did she stop using her father as a manager?,During the break
220,How long did the hiatus last?,nine months
221,What did Beyoncé announce in January 2010?,a hiatus
222,Who suggested the hiatus for Beyoncé?,her mother
223,Who did Beyoncé part ways with during her hiatus?,her father
224,How long did her hiatus last?,nine months
225,In which year was reports about Beyonce performing for Muammar Gaddafi surface?,2011
226,Who did Beyonce donate the money to earned from her shows?,Clinton Bush Haiti Fund
227,Beyonce became the first female artist to perform solo in 20 years at which stage?,the 2011 Glastonbury Festival
228,Which organization did Beyonce's spokespeople confirm her donations to?,The Huffington Post
229,Beyonce was listed in 2011 as the highest paid performer per what?,minute
230,Hoe did everyone learn that Beyonce performed for Kaddafi?,documents obtained by WikiLeaks
231,When did this leak happen?,2011
232,Who did she tell about the donation?,The Huffington Post
233,Where did Beyonce perform in 2011?,Glastonbury Festival
234,Who did Beyoncé perform privately for in 2011?,Muammar Gaddafi.
235,Who released the information about Beyoncé's performance for the Libyan ruler?,WikiLeaks
236,Which organization did Beyoncé donate her pay for the private performance to?,Clinton Bush Haiti Fund.
237,Beyoncé was the first female singer to headline what at the 2011 Glastonbury Festival?,Pyramid stage
238,Beyonce's fourth album debuted in what year?,2011
239,Which single had the most success from that album?,Love on Top
240,Beyonce won an award for which activity in 2011?,writing
241,"in 2011, Beyonce performed for four nights where?",New York's Roseland Ballroom
242,When was Beyonce's forth album released?,"June 28, 2011"
243,How many copies did the album sell in its first week?,"310,000 copies"
244,Who awarded Beyonce and award for writing?,New York Association of Black Journalists
245,When did she perform at the Roseland ballroom?,2011
246,What is the name of Beyoncé's fourth studio album?,4
247,When was 4 released?,"June 28, 2011"
248,How many copies of 4 sold in the first week?,"3,10,000"
249,What magazine did Beyoncé write a story for about her earlier hiatus?,Essence
250,Where did Beyoncé perform for four nights of standing room only concerts in 2011?,New York's Roseland Ballroom
251,When did Beyonce have her first child?,"January 7, 2012"
252,Where did Beyonce give birth to her first child?,Lenox Hill Hospital
253,Beyonce's first child is named what?,Blue Ivy Carter
254,Her first appearance performing since giving birth was where?,Revel Atlantic City's Ovation Hall
255,When did Beyonce have her first child?,"January 7, 2012"
256,What was the child's name?,Blue Ivy Carter
257,How long was it after the birth of her child before she performed again?,Five months
258,How many nights did she perform at Atlantic City?,four nights
259,When did Beyoncé give birth to a daughter?,"January 7, 2012"
260,What did Beyoncé name her daughter?,Blue Ivy Carter
261,Where was Blue Ivy born?,Lenox Hill Hospital in New York.
262,Where was Beyoncé's first public performance after giving birth?,Revel Atlantic City's Ovation Hall
263,How many nights did Beyoncé play at the resort?,four
264,Destiny's Child released a compilation album about which topic?,romance
265,Beyonce's documentary movie was called what?,Life Is But a Dream
266,What did Beyonce sign in 2013?,global publishing agreement
267,"When did Destiny's Child release its album ""Love Songs""?",January 2013
268,What was the title of the added track in Love Songs?,Nuclear
269,At whose inauguration did she perform the National Anthem?,President Obama
270,How many Tweets per minute did the half time show get?,"268,000 tweets per minute"
271,When did Destiny's Child release Love Songs?,January 2013
272,What was the new track for Love Songs?,Nuclear
273,What did Beyoncé sing at President Obama's second inauguration?,the American national anthem
274,What event did Beyoncé perform at one month after Obama's inauguration? ,Super Bowl XLVII halftime show
275,What is the name of Beyoncé's documentary film?,Life Is But a Dream
276,"How many dates did Beyonce's ""The Mrs. Carter Show"" entail?",132
277,One of Beyonce's most successful tours yet was which one?,The Mrs. Carter Show
278,"Beyonce wrote which song for the movie ""Epic""?",Rise Up
279,Beyonce voiced a character in which animated film?,Epic
280,When did the tour begin?,April 15
281,Of what event was Beyonce honorary chair?,2013 Met Gala
282,What part did she voice for the movie Epic?,Queen Tara
283,What song did Beyonce record for the film Epic?,Rise Up
284,What was the name of Beyoncé's tour that she started on April 15?,The Mrs. Carter Show World Tour
285,How many dates did the Mrs. Carter Show World Tour have?,132
286,Which Amy Winehouse song did Beyoncé cover and release in May 2014?,Back to Black
287,Beyoncé was an honorary chair of the 2013 what?,Met Gala.
288,"Which character in the film, Epic, was voiced by Beyoncé?",Queen Tara
289,Where did Beyonce release her 5th album to a huge surprise?,the iTunes Store
290,When did Beyonce get her fifth consecutive number one hit album?,"December 13, 2013"
291,Where was the album released? ,the iTunes Store
292,Who joined Beyonce on her On The Run Tour?,Jay Z
293,Who reported Beyonce to e the top earning woman in music?,Forbes
294,How much more were her earnings that the year before?,more than double her earnings
295,When did Beyoncé release her fifth studio album?,"December 13, 2013"
296,How many digital copies of her fifth album did Beyoncé sell in six days?,one million
297,What song on Beyoncé's fifth studio album featured her husband?,Drunk in Love
298,What was the name of the tour featuring both Beyoncé and Jay Z?,On the Run Tour.
299,How many awards did Beyonce take home with her at the 57th Grammy Awards?,three
300,Which artist beat Beyonce out for Album of the year?,Beck
301,Which magazine did Beyonce pose on the cover for in August of 2015?,Vogue
302,Beyonce would perform with who at Superbowl 50?,Coldplay
303,Beyonce took home how many awards at the 57th Grammy Awards?,three
304,Beyonce lost to which artist for Album of the year?,Beck
305,Who did Beyonce perform next to during Superbowl 50?,Coldplay
306,"If Beyonce won three Grammies in 2015, how many was she nominated for?",six awards
307,On what magazine was she the cover model?,Vogue
308,Who would she perform with at Superbowl 50?,Coldplay
309,With what British band did Beyonce perform on their album?,Coldplay
310,How many awards was Beyoncé nominated for at the 57th annual Grammys?,six
311,How many awards did Beyoncé win at the 57th Annual Grammys?,three
312,Beyoncé lost the Album of the Year award to which entertainer?,Beck
313,"Which magazine did Beyoncé pose for the cover, making her the first black female artist to do so?",Vogue
314,Who did Beyonce perform with at Super Bowl 50?,Coldplay
315,"Beyonce released the song ""Formation"" on which online music service?",Tidal
316,Beyonce's new single released before the super bowl was called what?,Formation
317,"What day did Beyonce release her single, Formation?","February 6, 2016"
318,How was the single released?,exclusively
319,What was the name of the streaming service?,Tidal
320,What kind of platform was the song released?,music streaming
321,When did Beyoncé release Formation?,"February 6, 2016"
322,"Where did Beyoncé exclusively release her single, Formation?",Tidal
323,"As of April 2014, how many albums have Jay Z and Beyonce sold together?",300 million
324,Where did Beyonce become pregnant?,Paris
325,"Beyonce described what as the ""hardest thing she had to endure""?",miscarriage
326,Who did Beyonce have a relationship with?,Jay Z
327,When were Beyonce and Jay Z married?,"April 4, 2008"
328,Together how records have they sold ?,300 million
329,How did Beyonce deal with the miscarriage of her child?,wrote music
330,Where was Beyonce when she became pregnant?,Paris
331,"In which music video did Beyoncé star as Jay Z's girlfriend, creating speculation about their relationship?",'03 Bonnie & Clyde
332,When were Beyoncé and Jay Z married?,"April 4, 2008"
333,How many records combined have Beyoncé and Jay Z sold?,300 million
334,What did Beyoncé describe as the saddest thing in her life?,miscarriage
335,Where did Beyoncé get pregnant?,Paris.
336,Jay Z and Beyonce attended which event together in August of 2011?,MTV Video Music Awards
337,Beyonce confirmed what after performing one of her songs?,her pregnancy
338,How many people watched the 2011 MTV Music Awards?,12.4 million
339,Where did she announce her pregnancy?,2011 MTV Video Music Awards
340,Why was the broadcast the most-watched in history?,Her appearance
341,What even was recorded in the Guinness World Records?,most tweets per second
342,"What was the most searched term in week of Aug 29, 2011?",Beyonce pregnant
343,What song did she perform at the MTV Awards?,Love on Top
344,Where did Beyoncé announce her pregnancy?,2011 MTV Video Music Awards
345,What song did Beyoncé sing prior to announcing her pregnancy?,Love on Top
346,How many people watched the 2011 MTV Video Music Awards?,12.4 million
347,"What was the most searched term on Google for the week of August 29, 2011?",Beyonce pregnant
348,Jay Z has a website called what?,Lifeandtimes.com
349,Which song by Jay Z talked about the pregnancy struggles?,Glory
350,What was the name of Beyonce's daughter?,Blue Ivy Carter
351,At what hospital was the baby delivered?,Lenox Hill Hospital
352,What was the named of the song  dedicated to the child?,Glory
353,What does B.I.C. stand for?,Blue Ivy Carter
354,Who was credited for her cries on the song?,B.I.C.
355,When did Beyoncé give birth to her daughter?,"January 7, 2012"
356,What did Beyoncé and Jay Z name their daughter?,Blue Ivy Carter
357,What song did Jay Z release two days after Blue Ivy was born?,Glory
358,What is included at the end of Glory?,Blue Ivy's cries
359,How was Blue Ivy credited on Glory?,B.I.C.
360,Beyonce and Jay-Z went to a rally for the acquittal of whom?,George Zimmerman
361,Beyonce sang which song during the 2009 presidential inauguration?,America the Beautiful
362,How much did Beyonce raise for Obama at the 40/40 Club?,4 million
363,"What did she endorse on March 26, 2013?",same sex marriage
364,What did they attend in July 2013?,a rally
365,What did she sing at the 2009 Presidential Inauguration?,America the Beautiful
366,What song did Beyoncé perform at the 2009 inauguration of Obama?,America the Beautiful
367,What song did Beyoncé perform at the first inaugural dance for the Obamas.,At Last
368,What social media platform did Beyoncé upload a picture of her paper ballot on?,Tumblr
369,"When did Beyoncé endorse on March 26, 2013?",same sex marriage
370,Beyonce did an interview with which magazine and was asked about feminism?,Vogue
371,Beyonce supported which campaign that encourages leadership in girls?,Ban Bossy campaign
372,Where was Beyonce quoted as saying that she is a modern-day feminist?,Vogue
373,When did she say the she is a feminist?,April 2013
374,What campaign did she contribute to?,Ban Bossy
375,What song did she release in 2013 in response to a speech?,Flawless
376,What does Ban Bossy encourage?,leadership in girls
377,"Beyoncé used words from which Nigerian author in her song, Flawless?",Chimamanda Ngozi Adichie
378,Which campaign does Beyoncé contribute to that encourages leadership in females?,Ban Bossy
379,Beyonce signed a letter with who in 2015?,the ONE Campaign
380,An important UN summit took place when?,September 2015
381,The letter Beyonce signed focused on what issue?,women
382,What had to be set in developing funding?,priorities
383,When did Beyonce sign a letter for ONE Campaign?,2015
384,To whom was the letter addressed?,Angela Merkel and Nkosazana Dlamini-Zuma
385,Who are these women?,head of the G7 in Germany
386,When will they meet?,September 2015
387,Who did Beyoncé sign a letter for in 2015?,the ONE Campaign
388,Who was the letter addressed to?,Angela Merkel and Nkosazana Dlamini-Zuma
389,What was Angela Merkel serving as in relation to the letter?,the head of the G7 in Germany
390,What did the letter want the two recipients to focus on?,women
391,Beyonce along with Jay Z met with whom's family after their death?,Freddie Gray
392,Beyonce with Jay Z gave lots of money to bail who out of prison?,protesters
393,Who's death caused this protest?,Freddie Gray
394,How much bail money did they spend?,thousands of dollars
395,Beyonce beat out which musical artists for most paid between June 2007 and June 2008?,Madonna and Celine Dion
396,Beyonce and Jay Z got a Guinness World record for what in 2009?,highest-earning power couple
397,Beyonce became the highest-paid black musician in which year?,2014
398,"Up until May of 2015, how much is Beyonce's total worth?",250 million
399,"Between 2008 and 2009, which entertainers did Beyonce beat in earnings?",Madonna and Celine Dion
400,In 2012 who placed Beyonce at 16 in the Celebrity List?,Forbes
401,When did she and Jay Z become the highest paid black celebrity couple?,2011
402,How much did she earn in 2014?,115 million
403,What is Beyonce's net worth in 2015?,250 million
404,"Who began reporting Beyoncé's annual earnings, starting in 2008?",Forbes
405,"When did Beyoncé become the highest paid black musician, ever?",April 2014.
406,Who predicted that Beyoncé would become the highest paid black entertainer?,MTV
407,When did Jay Z and Beyoncé become the first music couple worth over a billion dollars?,2013
408,Beyonce's range in singing is how many octaves?,four
409,who talked about Beyonce's tone and timbre as distinctive?,Jody Rosen
410,"Which critic called Beyonce's voice ""versatile""?",The Daily Mail
411,Which era was credited to have influenced Beyonce's singing style by Jody Rosen?,hip hop
412,How many octaves does Beyonce have?,four octaves
413,What did the Daily Mail say about Beyonce's voice?,versatile
414,What does Rosen claim influenced Beyonce's style?,hip hop
415,What do other critics claim?,praise her range and power
416,How many octaves does Beyoncé's voice span?,four
417,Why is Beyoncé known as the centerpiece of Destiny's Child?,Her vocal abilities
418,New York Times' Jon Pareles calls Beyoncé's voice velvety yet what?,tart
419,What does Jody Rosen say influenced Beyoncé's vocal style?,the hip hop era
420,Music from Beyonce is generally categorized as what genre?,R&B
421,"Besides R&B, which genres does Beyonce dabble in?","pop, soul and funk"
422,"Beyonce mostly releases English songs, but what other language did she release songs?",Spanish
423,Spanish songs Beyonce released were for what?,re-release of B'Day
424,Beyonce was coached for her Spanish songs by which American?,Rudy Perez
425,What kind of music does Beyonce do?,R&B
426,What language does she mainly sing?,English
427,What other language has she sung?,Spanish
428,What album did she re-release in Spanish?,B'Day
429,What style of music does Beyoncé usually perform?,R&B
430,What language did Beyoncé release several songs in?,Spanish
431,Who coached Beyoncé for her Spanish recordings?,Rudy Perez.
432,What album did the Spanish songs come from?,B'Day.
433,Beyonce does not create which aspect of her music?,beats
434,An example of a song aimed towards a male audience is what?,Cater 2 U
435,What theme was Beyonce's early music?,female-empowerment
436,With Jay Z what were her new themes?,man-tending anthems
437,What does she get credits for in her music?,co-producing credits
438,What part of production does she do?,melodies
439,Beyoncé's early recordings empowered who?,Women
440,"In addition to co-writing credits, Beyoncé also got what credits for most of her albums?",co-producing
441,"Rather than beats, what two things does Beyoncé usually come up with for producers?",melodies and ideas
442,Pop Songwriter of the Year award in 2001 was awarded to whom?,Beyoncé
443,Beyonce received the Pop Songwriter of the Year award at which event?,"American Society of Composers, Authors, and Publishers Pop Music Awards"
444,Beyonce has the same number of writing credits on number one singles as whom?,Diane Warren
445,Beyonce joined 2 other women on what list from Billboard magazine in 2011?,Top 20 Hot 100 Songwriters
446,When did Beyonce become the first African American woman to win Pop songwriter of the year?,2001
447,What place is she tied for in songwriting credits?,third
448,Who listed her at number 17 in their list of  Top 20 hot 100 Songwriters?,Billboard magazine
449,Where does she place in writing credits  for three number one songs?,third woman
450,"What did Beyoncé win in 2001, making her the first black woman to do so?",Pop Songwriter of the Year award
451,Who gave Beyoncé the Pop Songwriter of the Year award in 2001?,"the American Society of Composers, Authors, and Publishers Pop Music Awards."
452,"Beyoncé was one of how many women on Billboard magazine's 2011 ""Top 20 Hot 100 Songwriters"" list.",three
453,What number was Beyoncé on the Top 20 Hot 100 Songwriters list?,17
454,To whom did Beyonce credit as her major influence on her music?,Michael Jackson
455,How old was Beyonce when she went to her first Michael Jackson concert as a kid?,five
456,Beyonce gave a tribute award to who in 2006?,Michael Jackson
457,Beyonce cites Mariah Carey to making her want to start doing what?,vocal runs
458,Who influenced Beyonce?,Michael Jackson
459,What song by Mariah Carey influenced her?,Vision of Love
460,Who is Beyoncé's biggest musical influence?,Michael Jackson
461,What was Beyoncé's first concert?,Michael Jackson
462,Who does Beyoncé feel is an all-around entertainer?,Diana Ross
463,"Who does she credit for the inspiration to ""get up there and do what she did""?",Whitney Houston
464,What song caused Beyoncé to practice runs as a child?,Vision of Love
465,What themes were influenced by her acting role in Dreamgirls?,feminism and female empowerment
466,"Which singer did Beyonce honor by entertaining with her song ""Deja Vu""?",Josephine Baker
467,Who motivated Beyonce to explore other areas of music?,Etta James
468,What movie influenced Beyonce towards empowerment themes? ,Dreamgirls
469,How did Etta James influence her?,boldness
470,Where did she perform wearing Baker's hula skirt?,2006 Fashion Rocks concert
471,What singer inspired Beyoncé's B'Day album?,Josephine Baker.
472,What song did Beyoncé sing at a 2006 concert to honor Josephine Baker?,Déjà Vu
473,"Beyonce has noted which first lady with saying ""She proves you can do it all""?",Michelle Obama
474,Which month and year did Beyonce credit Madonna for inspiring her to take control of her career?,February 2013
475,"Beyonce has said that who embodies the ""definition of inspiration and a strong woman""?",Oprah Winfrey
476,Who personally influences Beyonce?,Michelle Obama
477,Hoe does she describe Oprah Winfrey?,a strong woman
478,How does she describe Jean- Michel Basquiat?,lyrical and raw
479,How does Madonna influence her?,to take control of her own career
480,How does she describe Jay Z?,continuing inspiration
481,"Who inspires Beyoncé because ""she does it all?""",First Lady Michelle Obama
482,Who does Beyoncé describe as the definition of inspiration?,Oprah Winfrey
483,Who does Beyoncé describe as lyrical and raw?,Jean-Michel Basquiat
484,Who inspired Beyoncé to take control of her career?,Madonna
485,Beyonce had an all-female tour band whose name was what?,Suga Mama
486,Beyonce had singers in the background known by the name as?,The Mamas
487,The Mamas members included which 3 musicians?,"Montina Cooper-Donnell, Crystal Collins and Tiffany Moniqué Riddick"
488,The Mamas first appearance was when?,2006
489,What band did Beyonce introduce in 2006?,Suga Mama
490,What song name does the band Suga Mama  and a song on the B'Day album share?,Suga Mama
491,Where did Suga Mama band make their first appearance?,2006 BET Awards
492,What band supports Beyonce in her tours?,Suga Mama
493,What is the name of Beyoncé's female tour band?,Suga Mama
494,Suga Mama is also a song on which Beyoncé album?,B'Day
495,What are Beyoncé's backup singers called?,The Mamas
496,When did The Mamas make their debut?,the 2006 BET Awards
497,What characteristics has Beyonce received acclaim for?,stage presence and voice
498,Which former president of Def Jam called Beyonce the greatest entertainer alive?,L.A. Reid
499,For what does Beyonce receive praise?,stage presence
500,Who chose her as number one on his list of Best singers/ Dancers?,Jarett Wieselman
501,How has L.A. Reid described her?,greatest entertainer alive
502,How does Alice Jones describe her?,she's almost too good
503,Who has Beyoncé at number one on her Five Best Singer/Dancers?,Jarett Wieselman
504,Who has said that Beyoncé is the best entertainer alive?,L.A. Reid
505,Beyonce self proclaimed alter ego is named what?,Sasha Fierce
506,Her alter ego was born when according to Beyonce?,"making of ""Crazy in Love"""
507,What year did Beyonce do away with Sasha Fierce?,2010
508,Beyonce brought back Sasha Fierce during which event?,Revel Presents: Beyoncé Live
509,How does she describe Sasha?,"too aggressive, too strong"
510,Later what did she say about Sasha?,she would bring her back
511,What is the name of Beyoncé's alter ego?,Sasha Fierce.
512,When did Beyoncé introduce Sasha Fierce?,2008
513,Sasha Fierce was created during the making of what song?,Crazy in Love
514,Who did Beyoncé tell in February 2010 that Sasha Fierce was no longer needed?,Allure magazine
515,Beyonce's sex appeal is characterized as what?,wide-ranging
516,"Which music journalist described Beyonce as a ""crossover sex symbol?""",Touré
517,Which word spawned from a term used to describe Beyonce in 2006?,Bootylicious
518,Bootylicious was a song from which act that Beyonce performed with?,Destiny's Child
519,Oxford Dictionary added which word from the 2000s dedicated to Beyonce?,Bootylicious
520,What word is often used to describe Beyonce/,Bootylicious
521,When was the term added to the dictionary?,2006
522,"What journalist wrote that Beyoncé was a ""sex symbol""?",Touré
523,"Because of Beyoncé's physical shape, what slang term has been used to describe her?",Bootylicious
524,In what year was the slang term from a title of a Destiny's Child song that is also used to describe Beyoncé put in the dictionary?,2006
525,How does Beyoncé say she likes to dress off-stage?,sexily
526,"in September 2010, what career area did Beyonce start exploring?",modelling
527,Beyonce's first modelling event was at where?,Tom Ford's Spring/Summer 2011 fashion show
528,"""World's Most Beautiful woman"" was declared to Beyonce by which national magazine?",People
529,Which month and year did GQ feature Beyonce on its cover?,January 2013
530,What TV network listed Beyonce as number 1 on its 100 Sexiest Artists list?,VH1
531,Who called Beyonce the World's most Beautiful Woman?,People
532,Who called her Hottest Female Singer of all Time?,Complex
533,When did she appear on the cover of GQ?,2013
534,VH1 listed her at what number on their 100 Sexiest Artists list?,number 1
535,What year did Beyoncé first model for Tom Ford?,2010
536,"What magazine said Beyoncé was the ""World's Most Beautiful Woman""?",People
537,What title did Complex award Beyoncé?,Hottest Female Singer of All Time
538,What museum has made several models of Beyoncé in wax?,Madame Tussauds Wax Museums
539,Which parent of Beyonce's help co-write a book?,Her mother
540,Which African-American woman before Beyonce had posed for SI Swimsuit issue?,Tyra Banks
541,What was the title of Beyonce's mother's book?,Destiny's Style
542,When was she on the Sports Illustrated cover?,2007
543,Who was she the second  African American on the cover after?,Tyra Banks
544,"Beyoncé was the second African American woman featured as a swimsuit cover on the magazine, who was first?",Tyra Banks
545,"What magazine said Beyoncé was the ""best-dressed celebrity""?",People
546,Beyonce has a fan base that is referred to as what?,The Bey Hive
547,"Before the Bey Hive, fans of Beyonce were called what?",The Beyontourage
548,Which social media company proclaimed Beyonce fans are know as the Bey Hive?,Twitter
549,What is Beyonce's fan base called?,Bey Hive
550,What did the fans used to be called?,Beyontourage
551,What is the latest term used to describe Beyoncé fans?,Bey Hive
552,What was the former word given to Beyoncé fans?,Beyontourage
553,"What word does ""Bey Hive"" derive from?",beehive
554,Beyonce has a clothing line known as what?,House of Deréon
555,Which French magazine did Beyonce show up on the cover of?,L'Officiel
556,Beyonce was seen wearing what on the french magazine that caused controversy?,blackface and tribal makeup
557,Which year did PETA spark controversy with Beyonce?,2006
558,What did PETA criticize Beyonce for in 2006?,for wearing and using fur
559,What French Magazine cover did the media criticize?,L'Officiel
560,How was she dressed on the cover of L'Officiel?,in blackface and tribal makeup
561,What French magazine did Beyoncé appear in wearing blackface and tribal makeup?,L'Officiel
562,What clothing line of Beyoncé drew PETA criticism?,House of Deréon.
563,What type of magazine is L'Officiel?,French fashion magazine
564,Which racial community gave criticism to Beyonce?,African-American
565,Which professor from Northeastern University wrote about how race correlates with these criticisms of Beyonce?,Emmett Price
566,Which company was accused of coloring Beyonce's hair?,L'Oréal
567,What did Vogue request?,natural pictures be used
568,How did L'Oreal respond to accusations of changing pictures?,it is categorically untrue
569,"In addition to her light skin color, what else has made part of the African American community criticize Beyoncé?",costuming
570,"In 2007, which music professor said he believes this criticism does involve race as well?",Emmett Price
571,Who was accused of lightening Beyoncé's skin for an advertisement?,L'Oréal
572,What advertisement was Beyoncé's skin supposedly lightened in?,Feria hair color advertisements
573,Who did Beyoncé tell in 2013 to only use natural pictures of her rather than retouched images?,H&M
574,Artist of the Decade was bestowed upon Beyonce from which magazine?,The Guardian
575,Whats the first year that Beyonce appear on the Time 100 list?,2013
576,Beyonce than appeared again on the Time 100 list in what year?,2014
577,What did the Guardian name her?,Artist of the Decade
578,When did Beyonce first make the Time 100 List?,2013
579,When was she again on the Time 100 List and on the cover?,2014
580,Who said that she is the reigning national voice?,Baz Luhrmann
581,Who stated that Beyoncé is the most important musician of the 21st century?,Jody Rosen
582,Which publication named Beyoncé the Artist of the Decade?,The Guardian
583,What list did Beyoncé make in 2013?,Time 100 list
584,Who said Beyoncé is the heir-apparent diva of the United States?,Baz Luhrmann
585,What year was Beyoncé featured both on the Time 100 list as well as the cover of the issue?,2014
586,Which rock band cited Beyonce on their third album?,White Rabbits
587,"Which friend learned from Beyonce while preparing for the film, ""Country Strong?""",Gwyneth Paltrow
588,Nicky Minaj became a spokesperson for which brand of soda after seeing Beyonce involved with it?,Pepsi
589,What influenced Nicki Minaj to join the Pepsi global campaign?,Beyoncé's Pepsi commercial
590,Which band listed Beyonce as an inspiration on their latest album?,White Rabbits
591,What about Beyonce has influenced many entertainers?,work
592,For what film was Paltrow studying Beyonce ?,Country Strong
593,Which Indie band said Beyoncé was an inspiration for one of hteir albums?,White Rabbits
594,What was the name of the White Rabbits' album?,Milk Famous
595,Who studied Beyoncé during live concerts for research for a film's music role?,Gwyneth Paltrow
596,What was the name of the film that Gwyneth Paltrow starred in as a musician?,Country Strong.
597,Beyoncé's Pepsi commercial inspired which star to join Pepsi's global campaign in 2012?,Nicki Minaj
598,"VH1 declared what song the ""Greatest song of the 2000s?""",Crazy in Love
599,"How many Grammy awards did ""Crazy in Love"" win?",two
600,How many did Crazy in Love sell to become one of the greatest selling singles in history?,8 million
601,What type of organism was named after Beyonce in 2012?,fly
602,A place for Beyonce in the Rock and Roll Hall of fame was awarded when?,July 2014
603,Which of Beyonce's songs was called Greatest Song of the 2000s?,Crazy in Love
604,How many Grammy awards did Crazy in Love get?,earned two Grammy Awards
605,How many copies did Crazy in Love sell?,around 8 million copies
606,Who released the single Girls Love Beyonce?,Drake
607,Which publication considers Crazy in Love to be one of the top 500 songs of all time?,Rolling Stone
608,"Who sang ""Girls Love Beyoncé"" in 2013?",Drake
609,What did Bryan Lessard name after Beyoncé?,a species of horse fly
610,How many copies of her albums as Beyonce sold in the US?,15 million
611,"Totaling worldwide, how many records as Beyonce sold?",118 million
612,How many certifications was Beyonce awarded by the RIAA?,64
613,"When Beyonce was with Destiny's Child, how many albums did she manage to sell?",60 million
614,Who was the first female to achieve the International Artist Award at the American Music Awards?,Beyoncé
615,How many albums has Beyonce as a solo artist sold in the U.S?,15 million
616,How many has she sold worldwide?,118 million
617,How many records has she sold with Destiny's Child?,60 million
618,When did she receive the Legend Award?,2008 World Music Awards
619,How many music certifications has she received in the 2000s?,64 certifications
620,How many records has Beyoncé sold in the United States?,over 15 million
621,How many records has Beyoncé sold throughout the world?,over 118 million
622,Who cited Beyoncé as being the top certified artist of the 2000s?,The Recording Industry Association of America
623,How many certifications did RIAA give Beyoncé?,64
624,When did Beyoncé receive the Legend Award?,the 2008 World Music Awards
625,How many Grammys has Beyonce won total with and without Destiny's Child?,20
626,Who is the only other woman with more Grammy awards than Beyonce?,Alison Krauss
627,Beyonce has been awarded how many Grammy nominations?,52
628,Beyonce holds the record for how many wins in one night by a female?,six
629,How many awards at the Broadcast Film Critics Association Awards in 2006 did Beyonce bring home?,two
630,How many Grammies has Beyonce won?,20 Grammy Awards
631,How many Grammy nominations does Beyonce have?,52 nominations
632,When did she set the record for most Grammy awards won in one night?,2010
633,Who tied her record for most Grammies won in one night in 2012?,Adele
634,How many Grammys has Beyoncé won?,20
635,How many Grammy nominations has Beyoncé had?,52
636,What Beyoncé song was song of the year on 2010?,"""Single Ladies (Put a Ring on It)"""
637,What movie had Beyoncé nominated as Best Actress for Golden Globe Awards?,Dreamgirls
638,Which soda company has Beyonce partnered with since 2002?,Pepsi
639,Pepsi paid Beyonce how much in 2012 for her endorsement?,50 million
640,Which organization wrote a letter to Beyonce after her Pepsi endorsement deal?,The Center for Science in the Public Interest (CSPINET)
641,What percentage of people were positive about Beyonce's endorsement of Pepsi?,70
642,When did Beyonce begin doing Pepsi advetisments?,2002
643,Who was in the commercial with Beyonce in 2004?,"Britney Spears, Pink, and Enrique Iglesias"
644,What did she agree to do for 50 million dollars in 2012?,endorse Pepsi
645,Who sent her a letter asking that she reconsider the Pepsi deal?,Center for Science in the Public Interest
646,What soft drink company has Beyoncé worked with since 2002?,Pepsi
647,How much did Beyoncé get for a deal with a soft drink company in 2012?,$50 million
648,Who asked her to change her mind about the soft drink deal due to the nature of the product?,The Center for Science in the Public Interest (CSPINET)
649,What organization discovered that the advertisements Beyoncé did for the soft drink company were 70% positive?,NetBase
650,"Beyonce worked with who on her perfumes, True Star and True Star Gold?",Tommy Hilfiger
651,The world's best selling celebrity perfume line belongs to whom?,Beyoncé
652,Beyonce's first fragrance had what name?,Heat
653,The Mrs. Carter Show Limited Edition was released in what year?,2013
654,How much money did The Mrs. Carter Show Limited Edition fragrance make?,400 million
655,What was Beyonce's 2010  perfume called?,Heat
656,"When was her second perfume, Heat Rush, released?",2011
657,What was Beyonce's third perfume named?,Pulse
658,How many editions of Heat have been launched?,six editions
659,Which Emporio Armani fragrance did Beyoncé promote in 2007?,Diamonds
660,What year did Beyoncé introduce her first fragrance?,2010
661,What was Beyoncé's first fragrance called?,Heat
662,How many editions of Heat exist?,six
663,How young was Beyonce when she acquired deals from American Express and L'Oreal?,18
664,What was the name of the video game that was cancelled for Beyonce?,Starpower: Beyoncé
665,When did Beyonce begin her deals with name brands?,since the age of 18
666,How many people lost jobs when Beyonce left the video game deal?,70 staff
667,How was the suit settled?,out of court
668,What was the name of the video game?,Starpower: Beyoncé
669,What video game did Beyoncé back out of?,Starpower: Beyoncé
670,What company was producing the video game?,GateFive
671,How many people lost their jobs over Beyoncé backing out of the deal?,70
672,When was the disagreement settled out of court?,June 2013
673,Who did Bayonce's management go into business with in 2014?,fashion retailer Topshop
674,"After their agreement together, Beyonce's and Topshop"" new business was called what?",Parkwood Topshop Athletic Ltd
675,What type of clothing does Parkwood Topshop Athletic Ltd produce?,activewear
676,The company and products were set to be in stores when?,fall of 2015
677,Who did Beyonce partner with in London?,Topshop
678,When will the new line launch?,2015
679,What is the name of Beyoncé's management company?,Parkwood Entertainment
680,Who did Beyoncé and Parkwood Entertainment partner with in October 2014?,Topshop
681,Where is Topshop located?,London
682,What was the new division of Topshop because of the partnership?,activewear
683,"When was it discovered Beyonce was a co-owner of the music service, Tidal?","March 30, 2015"
684,The parent company of Tidal became under the ownership of whom in 2015?,Jay Z
685,When was it announced that Beyonce was  a co-owner in Tidal?,"March 30, 2015"
686,What kind of service is Tidal?,music streaming service
687,What is a criticism of other streaming services?,low payout of royalties
688,What music streaming system is Beyoncé part owner of?,Tidal.
689,What is the parent company of the music service Beyoncé owns part of?,Aspiro
690,Who acquired the parent company of the music service Beyoncé owns part of?,Jay Z
691,What music service is accused of providing low royalty amounts?,Spotify
692,House of Dereon became known through Beyonce and which of Beyonce's relatives?,her mother
693,Beyonce's grandma's name was?,Agnèz Deréon
694,Beyonce's family's company name is what?,Beyond Productions
695,What types of garments are sold by Beyonce's clothing line?,"sportswear, denim offerings with fur, outerwear and accessories that include handbags and footwear"
696,Which two countries can you purchase Beyonce's clothing line?,US and Canada
697,"Who partnered with Beyonce to start the clothing line, Dereon?",her mother
698,When did Beyonce and her mother start Dereon?,2005
699,Who was the business named for in Beyonce's family?,"grandmother, Agnèz Deréon"
700,Where were items from the clothing line displayed?,in Destiny's Child's shows and tours
701,Who shares in the House of Deréon fashion line introduction with Beyoncé?,her mother
702,What is the name of the House of Deréon junior collection?,Deréon.
703,What type of accessory company did Beyonce partner with in 2005?,shoe
704,"In 2010, Beyonce released Dereon to what country?",Brazil
705,Back-to-school shopping was introduced in what year of Beyonce's clothing line?,2009
706,What did Beyonce's Fashion Diva  feature?,House of Deréon collection
707,What new idea did Beyonce and her mother launch in 2009?,Sasha Fierce for Deréon
708,When did Beyonce partner with C&A to sell fashion in Brazil?,"May 27, 2010"
709,What company did Beyoncé get together with in 2005 to add shoes to her fashions?,House of Brands
710,What was the name of the game put out by Starwave Mobile in 2008 that featured Beyoncé fashions?,Beyoncé Fashion Diva
711,What was the name of the junior fashions launched in 2009 by Beyoncé and her mother?,Sasha Fierce for Deréon
712,Who did Beyoncé team up with in 2010 to get her fashions into Brazil?,C&A
713,Sasha Fierce for Deréon fashions were sold at stores that included Macy's and what other store?,Dillard's
714,"Beyonce, during October 2014, partnered with whom to produce an outdoor line of clothing?",Topshop
715,Beyonce and Topshops first products were to be sold in stores when?,autumn 2015
716,What is the new business called?,Parkwood Topshop Athletic Ltd
717,What is Beyonce's percentage of ownership in the new venture?,50
718,When will the full line appear?,April 2016
719,What company did Beyoncé contract with to sell clothing in England?,Topshop
720,What is the name of the equal partnership's fashion line between Beyoncé and the British company to come out in 2016?,Parkwood Topshop Athletic Ltd
721,What type of clothing does the British partnership with Beyoncé sell?,activewear
722,What national disaster caused Beyonce to create the Survivor Foundation?,Hurricane Katrina
723,"How much cash did Beyonce put into the venture, the Survivor Foundation at startup?","2,50,000"
724,What hurricane years later after Katrina did the organization provide support for?,Ike
725,What did Beyonce and Rowland found in 2005?,the Survivor Foundation
726,How much did Beyonce initially contribute to the foundation?,"$ 2,50,000.00"
727,How has this foundation changed in recent years?,expanded to work with other charities
728,What foundation did Beyoncé start after Hurricane Katrina?,Survivor Foundation
729,How much money did Beyoncé contribute at the beginning of her Hurricane Katrina foundation?,"$ 2,50,000.00"
730,What other hurricane did Beyoncé's foundation help with?,Hurricane Ike
731,Who did Beyonce participate with in the Hope for Haiti Now: A Global Benefit?,George Clooney and Wyclef Jean
732,Beyonce opened a cosmetology center in what location?,Brooklyn Phoenix House
733,"After Osama Bin Laden's death, what single did Beyonce cover?",God Bless the USA
734,How much did the T-shirt with Beyonce's image on it make? ,$1 million
735,"What enterprise did Beyonce and her mother start on March 5, 2010?",Beyoncé Cosmetology Center at the Brooklyn Phoenix House
736,"What charity benefited from  the release of the song, God Bless the USA?",New York Police and Fire Widows' and Children's Benefit Fund
737,What did she participate in with George Clooney?,Hope for Haiti Now: A Global Benefit
738,Which two stars did Beyoncé help with their Haiti Earthquake organization?,George Clooney and Wyclef Jean
739,What did Beyoncé open at the Brooklyn Phoenix House in 2010?,Beyoncé Cosmetology Center
740,What Lee Greenwood song did Beyoncé cover after Osama bin Laden was killed?,God Bless the USA
741,"Which national event caused Beyonce to produce ""Demand a Plan?""",Sandy Hook Elementary School shooting
742,What song did Beyonce contribute to the campaign?,I Was Here
743,Beyonce is contributing to which food-donation campaign?,Miss a Meal
744,"On June 1 , 2013 where was the concert held for ""a Chime for Change""?",London
745,"Beyonce was speaking about whom when she said her gift was ""finding the best qualities in every human being.""?",her mother
746,The Demand a Plan video campaign followed what tragic event?,Sandy Hook Elementary School shooting.
747,What was the focus of the Gucci Chime for Change campaign?,spread female empowerment
748,What crowdfunding platform was used in the concert?,Catapult
749,What is the name of the campaign that Beyoncé and others are involved in that deals with gun control?,Demand A Plan
750,What school shooting prompted the creation of Demand A Plan?,Sandy Hook Elementary School
751,What song did Beyoncé donate to the 2012 World Humanitarian Day campaign?,I Was Here
752,Who did Beyoncé work with in 2013 on the Chime for Change campaign?,Salma Hayek and Frida Giannini
753,What was Frédéric's nationalities?,Polish and French
754,In what era was Frédéric active in?,Romantic era
755,For what instrument did Frédéric write primarily for?,solo piano
756,In what area was Frédéric born in?,Duchy of Warsaw
757,At what age did Frédéric depart from Poland?,20
758,What year was Chopin born?,1810
759,What era was Chopin active during?,Romantic era
760,Where did Chopin grow up?,Warsaw
761,What instrument did he mostly compose for?,solo piano
762,At what age did Chopin  leave Poland?,20
763,When did Chopin die?,17 October 1849
764,What was Chopin's full name?,Fryderyk Franciszek Chopin
765,The majority of Chopin's compositions were for what instrument?,solo piano
766,Chopin was active during what era?,Romantic era
767,In what year was Chopin born?,1810
768,In what city was Chopin born and raised?,Warsaw
769,How old was Chopin when he left Poland?,20
770,In what era of music did Chopin compose?,Romantic
771,What year did Chopin die?,1849
772,At what age did Frédéric move to Paris?,21
773,How many public performances was Frédéric estimated to have given during the remainder of his life?,30
774,In what year did Frédéric obtain citizenship in France?,1835
775,In what area had Frédéric's most productive period of composition taken place?,Majorca
776,What was Frédéric's most likely cause of death?,tuberculosis
777,Where did he end up living when he was 21?,Paris
778,How many public shows did he perform during the last years of his life?,30
779,What other composer did Chopin develop a friendship with?,Franz Liszt
780,What year did he gain citizenship in France?,1835
781,What is the name of the woman he had a relationship with from 1837-847?,Maria Wodzińska
782,At what age did Chopin move to Paris?,21
783,During the last 18 years he lived about how many times did Chopin perform in public?,30
784,What year did Chopin become a citizen of France?,1835
785,In the last years of his life who was the person that supported him financially?,Jane Stirling
786,In what year did Chopin become a French citizen?,1835
787,Who gave Chopin money in the last years of his life?,Jane Stirling
788,What was the likely cause of death for Chopin?,tuberculosis
789,What instrument did every composition by Frédéric include?,piano
790,What concept was Frédéric credited with creating?,instrumental ballade
791,Whose music did Frédéric admire the most and thus provide influence on his work?,"J. S. Bach, Mozart and Schubert"
792,What features marked Frédéric's performance style and made them unique?,nuance and sensitivity
793,What establishments did Frédéric frequently visit in Paris that influenced his career?,Paris salons
794,Which instrument do every one of his compositions include?,piano
795,What concept did Chopin create?,instrumental ballade
796,What are two things Chopin's performances were known for?,nuance and sensitivity
797,What three composers influenced Chopin's work?,"J. S. Bach, Mozart and Schubert"
798,"Chopin wrote some music to lyrics, what language were the lyrics?",Polish
799,What instrument is involved in all of Chopin's work?,piano